supplier,scenario,rts,peer_supplier,lambda_value,perturbed_parameter,perturbation_direction,delta
A,balanced_improvement,CCR,A,1.0,price,minus,0.05
A,cost_led_development,CCR,A,1.0,price,minus,0.05
A,delivery_reliability_led,CCR,A,1.0,price,minus,0.05
A,product_quality_led,CCR,A,1.0,price,minus,0.05
B,balanced_improvement,CCR,B,1.0,price,minus,0.05
B,cost_led_development,CCR,B,1.0,price,minus,0.05
B,delivery_reliability_led,CCR,B,1.0,price,minus,0.05
B,product_quality_led,CCR,B,1.0,price,minus,0.05
G,balanced_improvement,CCR,G,1.0,price,minus,0.05
G,cost_led_development,CCR,G,1.0,price,minus,0.05
G,delivery_reliability_led,CCR,G,1.0,price,minus,0.05
G,product_quality_led,CCR,G,1.0,price,minus,0.05
H,balanced_improvement,CCR,H,1.0,price,minus,0.05
H,cost_led_development,CCR,H,1.0,price,minus,0.05
H,delivery_reliability_led,CCR,H,1.0,price,minus,0.05
H,product_quality_led,CCR,H,1.0,price,minus,0.05
I,balanced_improvement,CCR,I,1.0,price,minus,0.05
I,cost_led_development,CCR,I,1.0,price,minus,0.05
I,delivery_reliability_led,CCR,I,1.0,price,minus,0.05
I,product_quality_led,CCR,I,1.0,price,minus,0.05
D,balanced_improvement,CCR,A,0.00004315754472220718,price,minus,0.05
D,balanced_improvement,CCR,B,0.4407415219688682,price,minus,0.05
D,balanced_improvement,CCR,H,0.16304805536373518,price,minus,0.05
D,balanced_improvement,CCR,I,0.15743465599041964,price,minus,0.05
D,cost_led_development,CCR,A,0.00004178244563216866,price,minus,0.05
D,cost_led_development,CCR,B,0.5994189842246638,price,minus,0.05
D,cost_led_development,CCR,H,0.06951320442911231,price,minus,0.05
D,cost_led_development,CCR,I,0.11854739257727878,price,minus,0.05
D,delivery_reliability_led,CCR,A,0.00006232578343185107,price,minus,0.05
D,delivery_reliability_led,CCR,B,0.22165006467645323,price,minus,0.05
D,delivery_reliability_led,CCR,H,0.2501238070300471,price,minus,0.05
D,delivery_reliability_led,CCR,I,0.26884560193479123,price,minus,0.05
D,product_quality_led,CCR,A,0.000022759601676363287,price,minus,0.05
D,product_quality_led,CCR,B,0.444567201206057,price,minus,0.05
D,product_quality_led,CCR,H,0.21614499382736835,price,minus,0.05
D,product_quality_led,CCR,I,0.191038045626752,price,minus,0.05
E,balanced_improvement,CCR,B,0.08947692042067179,price,minus,0.05
E,balanced_improvement,CCR,H,0.4573344416826752,price,minus,0.05
E,cost_led_development,CCR,B,0.2507972484803165,price,minus,0.05
E,cost_led_development,CCR,H,0.32807210919665736,price,minus,0.05
E,delivery_reliability_led,CCR,H,0.5052028720412686,price,minus,0.05
E,product_quality_led,CCR,H,0.614503677988027,price,minus,0.05
C,balanced_improvement,CCR,A,0.16518360140630386,price,minus,0.05
C,balanced_improvement,CCR,B,0.5094819168628433,price,minus,0.05
C,balanced_improvement,CCR,H,0.13105014971664888,price,minus,0.05
C,cost_led_development,CCR,A,0.21850980772075027,price,minus,0.05
C,cost_led_development,CCR,B,0.6389969079761617,price,minus,0.05
C,cost_led_development,CCR,H,0.00004938625896984819,price,minus,0.05
C,cost_led_development,CCR,I,0.047202722147518986,price,minus,0.05
C,delivery_reliability_led,CCR,A,0.15550236096219575,price,minus,0.05
C,delivery_reliability_led,CCR,B,0.22860021061861563,price,minus,0.05
C,delivery_reliability_led,CCR,H,0.2535177219909975,price,minus,0.05
C,delivery_reliability_led,CCR,I,0.07975657021735386,price,minus,0.05
C,product_quality_led,CCR,A,0.0553756022670121,price,minus,0.05
C,product_quality_led,CCR,B,0.6684458388985545,price,minus,0.05
C,product_quality_led,CCR,H,0.2143597421467226,price,minus,0.05
K,balanced_improvement,CCR,A,0.021721104302302018,price,minus,0.05
K,balanced_improvement,CCR,B,0.3545837211356521,price,minus,0.05
K,balanced_improvement,CCR,H,0.03590860443851609,price,minus,0.05
K,balanced_improvement,CCR,I,0.21531661952821388,price,minus,0.05
K,cost_led_development,CCR,A,0.10370591447725805,price,minus,0.05
K,cost_led_development,CCR,B,0.45503891436619737,price,minus,0.05
K,cost_led_development,CCR,H,0.00003232632956436574,price,minus,0.05
K,cost_led_development,CCR,I,0.01810096684771854,price,minus,0.05
K,delivery_reliability_led,CCR,A,0.033669961022475214,price,minus,0.05
K,delivery_reliability_led,CCR,B,0.16779380809115887,price,minus,0.05
K,delivery_reliability_led,CCR,H,0.13219676271264097,price,minus,0.05
K,delivery_reliability_led,CCR,I,0.18512054335194905,price,minus,0.05
K,product_quality_led,CCR,A,0.13106104711250213,price,minus,0.05
K,product_quality_led,CCR,B,0.33389828013272915,price,minus,0.05
K,product_quality_led,CCR,H,0.10436109160699629,price,minus,0.05
K,product_quality_led,CCR,I,0.1009450759160259,price,minus,0.05
J,balanced_improvement,CCR,A,0.032347362177357404,price,minus,0.05
J,balanced_improvement,CCR,B,0.6173332394581201,price,minus,0.05
J,balanced_improvement,CCR,H,0.022801614572326438,price,minus,0.05
J,balanced_improvement,CCR,I,0.09657471722851131,price,minus,0.05
J,cost_led_development,CCR,A,0.2226439671744125,price,minus,0.05
J,cost_led_development,CCR,B,0.5106762645801765,price,minus,0.05
J,delivery_reliability_led,CCR,A,0.05547866201178953,price,minus,0.05
J,delivery_reliability_led,CCR,B,0.3038452734952774,price,minus,0.05
J,delivery_reliability_led,CCR,H,0.12644978133468884,price,minus,0.05
J,delivery_reliability_led,CCR,I,0.16579205594016846,price,minus,0.05
J,product_quality_led,CCR,A,0.05631860536231167,price,minus,0.05
J,product_quality_led,CCR,B,0.7582652248338724,price,minus,0.05
J,product_quality_led,CCR,H,0.0652217931477894,price,minus,0.05
F,balanced_improvement,CCR,A,0.13116004115933874,price,minus,0.05
F,balanced_improvement,CCR,B,0.37080141525248134,price,minus,0.05
F,balanced_improvement,CCR,H,0.26551207372746877,price,minus,0.05
F,balanced_improvement,CCR,I,0.016707103847897302,price,minus,0.05
F,cost_led_development,CCR,A,0.12792562086437376,price,minus,0.05
F,cost_led_development,CCR,B,0.5604756306602456,price,minus,0.05
F,cost_led_development,CCR,H,0.049556637854582176,price,minus,0.05
F,cost_led_development,CCR,I,0.2423180422793194,price,minus,0.05
F,delivery_reliability_led,CCR,A,0.07429003245754018,price,minus,0.05
F,delivery_reliability_led,CCR,B,0.1407241690796577,price,minus,0.05
F,delivery_reliability_led,CCR,H,0.4202666989425931,price,minus,0.05
F,delivery_reliability_led,CCR,I,0.026175059485327706,price,minus,0.05
F,product_quality_led,CCR,A,0.060492896358081104,price,minus,0.05
F,product_quality_led,CCR,B,0.4385992550072142,price,minus,0.05
F,product_quality_led,CCR,H,0.44457972385682026,price,minus,0.05
L,balanced_improvement,CCR,A,0.12481340951964348,price,minus,0.05
L,balanced_improvement,CCR,B,0.7505740303814333,price,minus,0.05
L,balanced_improvement,CCR,H,0.018256400779980076,price,minus,0.05
L,balanced_improvement,CCR,I,0.12482486104912406,price,minus,0.05
L,cost_led_development,CCR,A,0.4742664955474398,price,minus,0.05
L,cost_led_development,CCR,B,0.48208777146771503,price,minus,0.05
L,delivery_reliability_led,CCR,A,0.11901006153332172,price,minus,0.05
L,delivery_reliability_led,CCR,B,0.36414293737890935,price,minus,0.05
L,delivery_reliability_led,CCR,H,0.1565754417835878,price,minus,0.05
L,delivery_reliability_led,CCR,I,0.21194384925892576,price,minus,0.05
L,product_quality_led,CCR,A,0.18199174068443486,price,minus,0.05
L,product_quality_led,CCR,B,0.9290192831846195,price,minus,0.05
L,product_quality_led,CCR,H,0.07026339209745205,price,minus,0.05
A,balanced_improvement,CCR,A,1.0,price,plus,0.05
A,cost_led_development,CCR,A,1.0,price,plus,0.05
A,delivery_reliability_led,CCR,A,1.0,price,plus,0.05
A,product_quality_led,CCR,A,1.0,price,plus,0.05
B,balanced_improvement,CCR,B,1.0,price,plus,0.05
B,cost_led_development,CCR,B,1.0,price,plus,0.05
B,delivery_reliability_led,CCR,B,1.0,price,plus,0.05
B,product_quality_led,CCR,B,1.0,price,plus,0.05
G,balanced_improvement,CCR,G,1.0,price,plus,0.05
G,cost_led_development,CCR,G,1.0,price,plus,0.05
G,delivery_reliability_led,CCR,G,1.0,price,plus,0.05
G,product_quality_led,CCR,G,1.0,price,plus,0.05
H,balanced_improvement,CCR,H,1.0,price,plus,0.05
H,cost_led_development,CCR,H,1.0,price,plus,0.05
H,delivery_reliability_led,CCR,H,1.0,price,plus,0.05
H,product_quality_led,CCR,H,1.0,price,plus,0.05
I,balanced_improvement,CCR,I,1.0,price,plus,0.05
I,cost_led_development,CCR,I,1.0,price,plus,0.05
I,delivery_reliability_led,CCR,I,1.0,price,plus,0.05
I,product_quality_led,CCR,I,1.0,price,plus,0.05
D,balanced_improvement,CCR,A,0.00004315754472223741,price,plus,0.05
D,balanced_improvement,CCR,B,0.44074152196886807,price,plus,0.05
D,balanced_improvement,CCR,H,0.16304805536373546,price,plus,0.05
D,balanced_improvement,CCR,I,0.15743465599041917,price,plus,0.05
D,cost_led_development,CCR,A,0.000041782445637198707,price,plus,0.05
D,cost_led_development,CCR,B,0.5994189842246633,price,plus,0.05
D,cost_led_development,CCR,H,0.06951320442911575,price,plus,0.05
D,cost_led_development,CCR,I,0.11854739257726225,price,plus,0.05
D,delivery_reliability_led,CCR,A,0.0000623257834324991,price,plus,0.05
D,delivery_reliability_led,CCR,B,0.2216500646764531,price,plus,0.05
D,delivery_reliability_led,CCR,H,0.2501238070300477,price,plus,0.05
D,delivery_reliability_led,CCR,I,0.2688456019347888,price,plus,0.05
D,product_quality_led,CCR,A,0.00002275960166825061,price,plus,0.05
D,product_quality_led,CCR,B,0.444567201206058,price,plus,0.05
D,product_quality_led,CCR,H,0.2161449938273633,price,plus,0.05
D,product_quality_led,CCR,I,0.19103804562677734,price,plus,0.05
E,balanced_improvement,CCR,B,0.08947692042067186,price,plus,0.05
E,balanced_improvement,CCR,H,0.4573344416826752,price,plus,0.05
E,cost_led_development,CCR,B,0.25079724848031626,price,plus,0.05
E,cost_led_development,CCR,H,0.3280721091966575,price,plus,0.05
E,delivery_reliability_led,CCR,H,0.5052028720412686,price,plus,0.05
E,product_quality_led,CCR,H,0.614503677988027,price,plus,0.05
C,balanced_improvement,CCR,A,0.16518360140630378,price,plus,0.05
C,balanced_improvement,CCR,B,0.5094819168628433,price,plus,0.05
C,balanced_improvement,CCR,H,0.13105014971664894,price,plus,0.05
C,cost_led_development,CCR,A,0.2185098077207496,price,plus,0.05
C,cost_led_development,CCR,B,0.6389969079761619,price,plus,0.05
C,cost_led_development,CCR,H,0.00004938625896955495,price,plus,0.05
C,cost_led_development,CCR,I,0.04720272214752064,price,plus,0.05
C,delivery_reliability_led,CCR,A,0.15550236096219536,price,plus,0.05
C,delivery_reliability_led,CCR,B,0.22860021061861574,price,plus,0.05
C,delivery_reliability_led,CCR,H,0.2535177219909972,price,plus,0.05
C,delivery_reliability_led,CCR,I,0.07975657021735494,price,plus,0.05
C,product_quality_led,CCR,A,0.055375602267012373,price,plus,0.05
C,product_quality_led,CCR,B,0.6684458388985536,price,plus,0.05
C,product_quality_led,CCR,H,0.21435974214672282,price,plus,0.05
K,balanced_improvement,CCR,A,0.021721104302302563,price,plus,0.05
K,balanced_improvement,CCR,B,0.35458372113565206,price,plus,0.05
K,balanced_improvement,CCR,H,0.03590860443851641,price,plus,0.05
K,balanced_improvement,CCR,I,0.21531661952821224,price,plus,0.05
K,cost_led_development,CCR,A,0.10370591447725905,price,plus,0.05
K,cost_led_development,CCR,B,0.4550389143661971,price,plus,0.05
K,cost_led_development,CCR,H,0.000032326329564981915,price,plus,0.05
K,cost_led_development,CCR,I,0.018100966847715536,price,plus,0.05
K,delivery_reliability_led,CCR,A,0.03366996102247506,price,plus,0.05
K,delivery_reliability_led,CCR,B,0.16779380809115899,price,plus,0.05
K,delivery_reliability_led,CCR,H,0.13219676271264097,price,plus,0.05
K,delivery_reliability_led,CCR,I,0.18512054335194927,price,plus,0.05
K,product_quality_led,CCR,A,0.13106104711250294,price,plus,0.05
K,product_quality_led,CCR,B,0.33389828013272893,price,plus,0.05
K,product_quality_led,CCR,H,0.10436109160699679,price,plus,0.05
K,product_quality_led,CCR,I,0.10094507591602352,price,plus,0.05
J,balanced_improvement,CCR,A,0.03234736217735577,price,plus,0.05
J,balanced_improvement,CCR,B,0.6173332394581205,price,plus,0.05
J,balanced_improvement,CCR,H,0.022801614572325504,price,plus,0.05
J,balanced_improvement,CCR,I,0.09657471722851568,price,plus,0.05
J,cost_led_development,CCR,A,0.22264396717441148,price,plus,0.05
J,cost_led_development,CCR,B,0.5106762645801775,price,plus,0.05
J,delivery_reliability_led,CCR,A,0.05547866201178787,price,plus,0.05
J,delivery_reliability_led,CCR,B,0.3038452734952781,price,plus,0.05
J,delivery_reliability_led,CCR,H,0.12644978133468782,price,plus,0.05
J,delivery_reliability_led,CCR,I,0.16579205594017288,price,plus,0.05
J,product_quality_led,CCR,A,0.05631860536231139,price,plus,0.05
J,product_quality_led,CCR,B,0.7582652248338733,price,plus,0.05
J,product_quality_led,CCR,H,0.0652217931477893,price,plus,0.05
F,balanced_improvement,CCR,A,0.13116004115933874,price,plus,0.05
F,balanced_improvement,CCR,B,0.37080141525248134,price,plus,0.05
F,balanced_improvement,CCR,H,0.26551207372746877,price,plus,0.05
F,balanced_improvement,CCR,I,0.0167071038478973,price,plus,0.05
F,cost_led_development,CCR,A,0.12792562086437034,price,plus,0.05
F,cost_led_development,CCR,B,0.5604756306602464,price,plus,0.05
F,cost_led_development,CCR,H,0.04955663785458016,price,plus,0.05
F,cost_led_development,CCR,I,0.24231804227932915,price,plus,0.05
F,delivery_reliability_led,CCR,A,0.07429003245754097,price,plus,0.05
F,delivery_reliability_led,CCR,B,0.1407241690796576,price,plus,0.05
F,delivery_reliability_led,CCR,H,0.42026669894259366,price,plus,0.05
F,delivery_reliability_led,CCR,I,0.02617505948532527,price,plus,0.05
F,product_quality_led,CCR,A,0.06049289635808118,price,plus,0.05
F,product_quality_led,CCR,B,0.43859925500721547,price,plus,0.05
F,product_quality_led,CCR,H,0.4445797238568199,price,plus,0.05
L,balanced_improvement,CCR,A,0.12481340951965339,price,plus,0.05
L,balanced_improvement,CCR,B,0.7505740303814307,price,plus,0.05
L,balanced_improvement,CCR,H,0.018256400779986057,price,plus,0.05
L,balanced_improvement,CCR,I,0.12482486104909572,price,plus,0.05
L,cost_led_development,CCR,A,0.4742664955474407,price,plus,0.05
L,cost_led_development,CCR,B,0.4820877714677142,price,plus,0.05
L,delivery_reliability_led,CCR,A,0.11901006153332255,price,plus,0.05
L,delivery_reliability_led,CCR,B,0.3641429373789091,price,plus,0.05
L,delivery_reliability_led,CCR,H,0.15657544178358834,price,plus,0.05
L,delivery_reliability_led,CCR,I,0.21194384925892337,price,plus,0.05
L,product_quality_led,CCR,A,0.18199174068443513,price,plus,0.05
L,product_quality_led,CCR,B,0.9290192831846186,price,plus,0.05
L,product_quality_led,CCR,H,0.07026339209745217,price,plus,0.05
A,balanced_improvement,CCR,A,1.0,late_pct,minus,0.05
A,cost_led_development,CCR,A,1.0,late_pct,minus,0.05
A,delivery_reliability_led,CCR,A,1.0,late_pct,minus,0.05
A,product_quality_led,CCR,A,1.0,late_pct,minus,0.05
B,balanced_improvement,CCR,B,1.0,late_pct,minus,0.05
B,cost_led_development,CCR,B,1.0,late_pct,minus,0.05
B,delivery_reliability_led,CCR,B,1.0,late_pct,minus,0.05
B,product_quality_led,CCR,B,1.0,late_pct,minus,0.05
G,balanced_improvement,CCR,G,1.0,late_pct,minus,0.05
G,cost_led_development,CCR,G,1.0,late_pct,minus,0.05
G,delivery_reliability_led,CCR,G,1.0,late_pct,minus,0.05
G,product_quality_led,CCR,G,1.0,late_pct,minus,0.05
H,balanced_improvement,CCR,H,1.0,late_pct,minus,0.05
H,cost_led_development,CCR,H,1.0,late_pct,minus,0.05
H,delivery_reliability_led,CCR,H,1.0,late_pct,minus,0.05
H,product_quality_led,CCR,H,1.0,late_pct,minus,0.05
I,balanced_improvement,CCR,I,1.0,late_pct,minus,0.05
I,cost_led_development,CCR,I,1.0,late_pct,minus,0.05
I,delivery_reliability_led,CCR,I,1.0,late_pct,minus,0.05
I,product_quality_led,CCR,I,1.0,late_pct,minus,0.05
D,balanced_improvement,CCR,A,0.000043157544724848236,late_pct,minus,0.05
D,balanced_improvement,CCR,B,0.44074152196886757,late_pct,minus,0.05
D,balanced_improvement,CCR,H,0.16304805536373698,late_pct,minus,0.05
D,balanced_improvement,CCR,I,0.15743465599041154,late_pct,minus,0.05
D,cost_led_development,CCR,A,0.000041782445630542274,late_pct,minus,0.05
D,cost_led_development,CCR,B,0.5994189842246644,late_pct,minus,0.05
D,cost_led_development,CCR,H,0.06951320442911149,late_pct,minus,0.05
D,cost_led_development,CCR,I,0.11854739257728247,late_pct,minus,0.05
D,delivery_reliability_led,CCR,A,0.00006232578343404912,late_pct,minus,0.05
D,delivery_reliability_led,CCR,B,0.2216500646764527,late_pct,minus,0.05
D,delivery_reliability_led,CCR,H,0.25012380703004866,late_pct,minus,0.05
D,delivery_reliability_led,CCR,I,0.2688456019347844,late_pct,minus,0.05
D,product_quality_led,CCR,A,0.000022759601669536022,late_pct,minus,0.05
D,product_quality_led,CCR,B,0.44456720120605786,late_pct,minus,0.05
D,product_quality_led,CCR,H,0.21614499382736407,late_pct,minus,0.05
D,product_quality_led,CCR,I,0.1910380456267733,late_pct,minus,0.05
E,balanced_improvement,CCR,B,0.08947692042067179,late_pct,minus,0.05
E,balanced_improvement,CCR,H,0.4573344416826752,late_pct,minus,0.05
E,cost_led_development,CCR,B,0.25079724848031626,late_pct,minus,0.05
E,cost_led_development,CCR,H,0.3280721091966575,late_pct,minus,0.05
E,delivery_reliability_led,CCR,H,0.5052028720412686,late_pct,minus,0.05
E,product_quality_led,CCR,H,0.614503677988027,late_pct,minus,0.05
C,balanced_improvement,CCR,A,0.16518360140630364,late_pct,minus,0.05
C,balanced_improvement,CCR,B,0.5094819168628435,late_pct,minus,0.05
C,balanced_improvement,CCR,H,0.13105014971664888,late_pct,minus,0.05
C,cost_led_development,CCR,A,0.21850980772075057,late_pct,minus,0.05
C,cost_led_development,CCR,B,0.6389969079761619,late_pct,minus,0.05
C,cost_led_development,CCR,H,0.00004938625896998722,late_pct,minus,0.05
C,cost_led_development,CCR,I,0.04720272214751802,late_pct,minus,0.05
C,delivery_reliability_led,CCR,A,0.15550236096219364,late_pct,minus,0.05
C,delivery_reliability_led,CCR,B,0.2286002106186163,late_pct,minus,0.05
C,delivery_reliability_led,CCR,H,0.2535177219909961,late_pct,minus,0.05
C,delivery_reliability_led,CCR,I,0.07975657021735995,late_pct,minus,0.05
C,product_quality_led,CCR,A,0.05537560226701194,late_pct,minus,0.05
C,product_quality_led,CCR,B,0.6684458388985544,late_pct,minus,0.05
C,product_quality_led,CCR,H,0.21435974214672265,late_pct,minus,0.05
K,balanced_improvement,CCR,A,0.02172110430230204,late_pct,minus,0.05
K,balanced_improvement,CCR,B,0.35458372113565206,late_pct,minus,0.05
K,balanced_improvement,CCR,H,0.03590860443851613,late_pct,minus,0.05
K,balanced_improvement,CCR,I,0.215316619528214,late_pct,minus,0.05
K,cost_led_development,CCR,A,0.10370591447725798,late_pct,minus,0.05
K,cost_led_development,CCR,B,0.45503891436619726,late_pct,minus,0.05
K,cost_led_development,CCR,H,0.00003232632956421345,late_pct,minus,0.05
K,cost_led_development,CCR,I,0.018100966847719245,late_pct,minus,0.05
K,delivery_reliability_led,CCR,A,0.03366996102247707,late_pct,minus,0.05
K,delivery_reliability_led,CCR,B,0.1677938080911584,late_pct,minus,0.05
K,delivery_reliability_led,CCR,H,0.1321967627126422,late_pct,minus,0.05
K,delivery_reliability_led,CCR,I,0.18512054335194364,late_pct,minus,0.05
K,product_quality_led,CCR,A,0.1310610471125005,late_pct,minus,0.05
K,product_quality_led,CCR,B,0.33389828013272954,late_pct,minus,0.05
K,product_quality_led,CCR,H,0.10436109160699529,late_pct,minus,0.05
K,product_quality_led,CCR,I,0.10094507591603068,late_pct,minus,0.05
J,balanced_improvement,CCR,A,0.03234736217735894,late_pct,minus,0.05
J,balanced_improvement,CCR,B,0.6173332394581199,late_pct,minus,0.05
J,balanced_improvement,CCR,H,0.022801614572327378,late_pct,minus,0.05
J,balanced_improvement,CCR,I,0.09657471722850651,late_pct,minus,0.05
J,cost_led_development,CCR,A,0.222643967174412,late_pct,minus,0.05
J,cost_led_development,CCR,B,0.510676264580177,late_pct,minus,0.05
J,delivery_reliability_led,CCR,A,0.05547866201178751,late_pct,minus,0.05
J,delivery_reliability_led,CCR,B,0.30384527349527807,late_pct,minus,0.05
J,delivery_reliability_led,CCR,H,0.12644978133468768,late_pct,minus,0.05
J,delivery_reliability_led,CCR,I,0.165792055940174,late_pct,minus,0.05
J,product_quality_led,CCR,A,0.056318605362311334,late_pct,minus,0.05
J,product_quality_led,CCR,B,0.7582652248338745,late_pct,minus,0.05
J,product_quality_led,CCR,H,0.06522179314778895,late_pct,minus,0.05
F,balanced_improvement,CCR,A,0.1311600411593393,late_pct,minus,0.05
F,balanced_improvement,CCR,B,0.3708014152524813,late_pct,minus,0.05
F,balanced_improvement,CCR,H,0.26551207372746893,late_pct,minus,0.05
F,balanced_improvement,CCR,I,0.016707103847895956,late_pct,minus,0.05
F,cost_led_development,CCR,A,0.12792562086436757,late_pct,minus,0.05
F,cost_led_development,CCR,B,0.5604756306602469,late_pct,minus,0.05
F,cost_led_development,CCR,H,0.04955663785457818,late_pct,minus,0.05
F,cost_led_development,CCR,I,0.24231804227933815,late_pct,minus,0.05
F,delivery_reliability_led,CCR,A,0.074290032457538,late_pct,minus,0.05
F,delivery_reliability_led,CCR,B,0.1407241690796583,late_pct,minus,0.05
F,delivery_reliability_led,CCR,H,0.4202666989425916,late_pct,minus,0.05
F,delivery_reliability_led,CCR,I,0.02617505948533421,late_pct,minus,0.05
F,product_quality_led,CCR,A,0.06049289635808149,late_pct,minus,0.05
F,product_quality_led,CCR,B,0.4385992550072142,late_pct,minus,0.05
F,product_quality_led,CCR,H,0.4445797238568201,late_pct,minus,0.05
L,balanced_improvement,CCR,A,0.1248134095196497,late_pct,minus,0.05
L,balanced_improvement,CCR,B,0.7505740303814313,late_pct,minus,0.05
L,balanced_improvement,CCR,H,0.018256400779983747,late_pct,minus,0.05
L,balanced_improvement,CCR,I,0.1248248610491066,late_pct,minus,0.05
L,cost_led_development,CCR,A,0.47426649554743877,late_pct,minus,0.05
L,cost_led_development,CCR,B,0.4820877714677159,late_pct,minus,0.05
L,delivery_reliability_led,CCR,A,0.11901006153332576,late_pct,minus,0.05
L,delivery_reliability_led,CCR,B,0.36414293737890824,late_pct,minus,0.05
L,delivery_reliability_led,CCR,H,0.15657544178359029,late_pct,minus,0.05
L,delivery_reliability_led,CCR,I,0.211943849258914,late_pct,minus,0.05
L,product_quality_led,CCR,A,0.18199174068443486,late_pct,minus,0.05
L,product_quality_led,CCR,B,0.9290192831846183,late_pct,minus,0.05
L,product_quality_led,CCR,H,0.07026339209745233,late_pct,minus,0.05
A,balanced_improvement,CCR,A,1.0,late_pct,plus,0.05
A,cost_led_development,CCR,A,1.0,late_pct,plus,0.05
A,delivery_reliability_led,CCR,A,1.0,late_pct,plus,0.05
A,product_quality_led,CCR,A,1.0,late_pct,plus,0.05
B,balanced_improvement,CCR,B,1.0,late_pct,plus,0.05
B,cost_led_development,CCR,B,1.0,late_pct,plus,0.05
B,delivery_reliability_led,CCR,B,1.0,late_pct,plus,0.05
B,product_quality_led,CCR,B,1.0,late_pct,plus,0.05
G,balanced_improvement,CCR,G,1.0,late_pct,plus,0.05
G,cost_led_development,CCR,G,1.0,late_pct,plus,0.05
G,delivery_reliability_led,CCR,G,1.0,late_pct,plus,0.05
G,product_quality_led,CCR,G,1.0,late_pct,plus,0.05
H,balanced_improvement,CCR,H,1.0,late_pct,plus,0.05
H,cost_led_development,CCR,H,1.0,late_pct,plus,0.05
H,delivery_reliability_led,CCR,H,1.0,late_pct,plus,0.05
H,product_quality_led,CCR,H,1.0,late_pct,plus,0.05
I,balanced_improvement,CCR,I,1.0,late_pct,plus,0.05
I,cost_led_development,CCR,I,1.0,late_pct,plus,0.05
I,delivery_reliability_led,CCR,I,1.0,late_pct,plus,0.05
I,product_quality_led,CCR,I,1.0,late_pct,plus,0.05
D,balanced_improvement,CCR,A,0.00004315754472519795,late_pct,plus,0.05
D,balanced_improvement,CCR,B,0.44074152196886757,late_pct,plus,0.05
D,balanced_improvement,CCR,H,0.1630480553637372,late_pct,plus,0.05
D,balanced_improvement,CCR,I,0.15743465599041037,late_pct,plus,0.05
D,cost_led_development,CCR,A,0.000041782445630277444,late_pct,plus,0.05
D,cost_led_development,CCR,B,0.5994189842246644,late_pct,plus,0.05
D,cost_led_development,CCR,H,0.06951320442911131,late_pct,plus,0.05
D,cost_led_development,CCR,I,0.11854739257728338,late_pct,plus,0.05
D,delivery_reliability_led,CCR,A,0.00006232578343272188,late_pct,plus,0.05
D,delivery_reliability_led,CCR,B,0.22165006467645307,late_pct,plus,0.05
D,delivery_reliability_led,CCR,H,0.2501238070300479,late_pct,plus,0.05
D,delivery_reliability_led,CCR,I,0.2688456019347883,late_pct,plus,0.05
D,product_quality_led,CCR,A,0.000022759601668844362,late_pct,plus,0.05
D,product_quality_led,CCR,B,0.44456720120605797,late_pct,plus,0.05
D,product_quality_led,CCR,H,0.21614499382736363,late_pct,plus,0.05
D,product_quality_led,CCR,I,0.19103804562677554,late_pct,plus,0.05
E,balanced_improvement,CCR,B,0.08947692042067179,late_pct,plus,0.05
E,balanced_improvement,CCR,H,0.4573344416826752,late_pct,plus,0.05
E,cost_led_development,CCR,B,0.25079724848031626,late_pct,plus,0.05
E,cost_led_development,CCR,H,0.3280721091966575,late_pct,plus,0.05
E,delivery_reliability_led,CCR,H,0.5052028720412686,late_pct,plus,0.05
E,product_quality_led,CCR,H,0.614503677988027,late_pct,plus,0.05
C,balanced_improvement,CCR,A,0.16518360140630367,late_pct,plus,0.05
C,balanced_improvement,CCR,B,0.5094819168628435,late_pct,plus,0.05
C,balanced_improvement,CCR,H,0.1310501497166489,late_pct,plus,0.05
C,cost_led_development,CCR,A,0.21850980772075027,late_pct,plus,0.05
C,cost_led_development,CCR,B,0.6389969079761617,late_pct,plus,0.05
C,cost_led_development,CCR,H,0.000049386258969791186,late_pct,plus,0.05
C,cost_led_development,CCR,I,0.04720272214751901,late_pct,plus,0.05
C,delivery_reliability_led,CCR,A,0.15550236096219283,late_pct,plus,0.05
C,delivery_reliability_led,CCR,B,0.22860021061861646,late_pct,plus,0.05
C,delivery_reliability_led,CCR,H,0.2535177219909956,late_pct,plus,0.05
C,delivery_reliability_led,CCR,I,0.07975657021736243,late_pct,plus,0.05
C,product_quality_led,CCR,A,0.05537560226701187,late_pct,plus,0.05
C,product_quality_led,CCR,B,0.6684458388985545,late_pct,plus,0.05
C,product_quality_led,CCR,H,0.2143597421467227,late_pct,plus,0.05
K,balanced_improvement,CCR,A,0.021721104302301474,late_pct,plus,0.05
K,balanced_improvement,CCR,B,0.35458372113565245,late_pct,plus,0.05
K,balanced_improvement,CCR,H,0.035908604438515734,late_pct,plus,0.05
K,balanced_improvement,CCR,I,0.21531661952821537,late_pct,plus,0.05
K,cost_led_development,CCR,A,0.10370591447725833,late_pct,plus,0.05
K,cost_led_development,CCR,B,0.45503891436619753,late_pct,plus,0.05
K,cost_led_development,CCR,H,0.00003232632956449752,late_pct,plus,0.05
K,cost_led_development,CCR,I,0.018100966847717583,late_pct,plus,0.05
K,delivery_reliability_led,CCR,A,0.033669961022477005,late_pct,plus,0.05
K,delivery_reliability_led,CCR,B,0.16779380809115854,late_pct,plus,0.05
K,delivery_reliability_led,CCR,H,0.13219676271264216,late_pct,plus,0.05
K,delivery_reliability_led,CCR,I,0.18512054335194353,late_pct,plus,0.05
K,product_quality_led,CCR,A,0.13106104711250402,late_pct,plus,0.05
K,product_quality_led,CCR,B,0.33389828013272926,late_pct,plus,0.05
K,product_quality_led,CCR,H,0.10436109160699755,late_pct,plus,0.05
K,product_quality_led,CCR,I,0.10094507591601924,late_pct,plus,0.05
J,balanced_improvement,CCR,A,0.03234736217735887,late_pct,plus,0.05
J,balanced_improvement,CCR,B,0.61733323945812,late_pct,plus,0.05
J,balanced_improvement,CCR,H,0.022801614572327333,late_pct,plus,0.05
J,balanced_improvement,CCR,I,0.09657471722850673,late_pct,plus,0.05
J,cost_led_development,CCR,A,0.222643967174412,late_pct,plus,0.05
J,cost_led_development,CCR,B,0.510676264580177,late_pct,plus,0.05
J,delivery_reliability_led,CCR,A,0.05547866201178751,late_pct,plus,0.05
J,delivery_reliability_led,CCR,B,0.30384527349527807,late_pct,plus,0.05
J,delivery_reliability_led,CCR,H,0.12644978133468768,late_pct,plus,0.05
J,delivery_reliability_led,CCR,I,0.165792055940174,late_pct,plus,0.05
J,product_quality_led,CCR,A,0.056318605362311445,late_pct,plus,0.05
J,product_quality_led,CCR,B,0.7582652248338744,late_pct,plus,0.05
J,product_quality_led,CCR,H,0.06522179314778896,late_pct,plus,0.05
F,balanced_improvement,CCR,A,0.1311600411593379,late_pct,plus,0.05
F,balanced_improvement,CCR,B,0.3708014152524816,late_pct,plus,0.05
F,balanced_improvement,CCR,H,0.2655120737274682,late_pct,plus,0.05
F,balanced_improvement,CCR,I,0.016707103847899748,late_pct,plus,0.05
F,cost_led_development,CCR,A,0.1279256208643663,late_pct,plus,0.05
F,cost_led_development,CCR,B,0.5604756306602473,late_pct,plus,0.05
F,cost_led_development,CCR,H,0.04955663785457756,late_pct,plus,0.05
F,cost_led_development,CCR,I,0.2423180422793412,late_pct,plus,0.05
F,delivery_reliability_led,CCR,A,0.07429003245753976,late_pct,plus,0.05
F,delivery_reliability_led,CCR,B,0.14072416907965787,late_pct,plus,0.05
F,delivery_reliability_led,CCR,H,0.42026669894259283,late_pct,plus,0.05
F,delivery_reliability_led,CCR,I,0.026175059485328955,late_pct,plus,0.05
F,product_quality_led,CCR,A,0.06049289635808121,late_pct,plus,0.05
F,product_quality_led,CCR,B,0.4385992550072146,late_pct,plus,0.05
F,product_quality_led,CCR,H,0.4445797238568201,late_pct,plus,0.05
L,balanced_improvement,CCR,A,0.1248134095196497,late_pct,plus,0.05
L,balanced_improvement,CCR,B,0.7505740303814313,late_pct,plus,0.05
L,balanced_improvement,CCR,H,0.018256400779983747,late_pct,plus,0.05
L,balanced_improvement,CCR,I,0.1248248610491066,late_pct,plus,0.05
L,cost_led_development,CCR,A,0.47426649554743877,late_pct,plus,0.05
L,cost_led_development,CCR,B,0.4820877714677159,late_pct,plus,0.05
L,delivery_reliability_led,CCR,A,0.11901006153332563,late_pct,plus,0.05
L,delivery_reliability_led,CCR,B,0.3641429373789083,late_pct,plus,0.05
L,delivery_reliability_led,CCR,H,0.1565754417835902,late_pct,plus,0.05
L,delivery_reliability_led,CCR,I,0.21194384925891435,late_pct,plus,0.05
L,product_quality_led,CCR,A,0.181991740684435,late_pct,plus,0.05
L,product_quality_led,CCR,B,0.9290192831846182,late_pct,plus,0.05
L,product_quality_led,CCR,H,0.07026339209745235,late_pct,plus,0.05
A,balanced_improvement,CCR,A,1.0,error_pct,minus,0.05
A,cost_led_development,CCR,A,1.0,error_pct,minus,0.05
A,delivery_reliability_led,CCR,A,1.0,error_pct,minus,0.05
A,product_quality_led,CCR,A,1.0,error_pct,minus,0.05
B,balanced_improvement,CCR,B,1.0,error_pct,minus,0.05
B,cost_led_development,CCR,B,1.0,error_pct,minus,0.05
B,delivery_reliability_led,CCR,B,1.0,error_pct,minus,0.05
B,product_quality_led,CCR,B,1.0,error_pct,minus,0.05
G,balanced_improvement,CCR,G,1.0,error_pct,minus,0.05
G,cost_led_development,CCR,G,1.0,error_pct,minus,0.05
G,delivery_reliability_led,CCR,G,1.0,error_pct,minus,0.05
G,product_quality_led,CCR,G,1.0,error_pct,minus,0.05
H,balanced_improvement,CCR,H,1.0,error_pct,minus,0.05
H,cost_led_development,CCR,H,1.0,error_pct,minus,0.05
H,delivery_reliability_led,CCR,H,1.0,error_pct,minus,0.05
H,product_quality_led,CCR,H,1.0,error_pct,minus,0.05
I,balanced_improvement,CCR,I,1.0,error_pct,minus,0.05
I,cost_led_development,CCR,I,1.0,error_pct,minus,0.05
I,delivery_reliability_led,CCR,I,1.0,error_pct,minus,0.05
I,product_quality_led,CCR,I,1.0,error_pct,minus,0.05
D,balanced_improvement,CCR,A,0.00004315754472296708,error_pct,minus,0.05
D,balanced_improvement,CCR,B,0.44074152196886796,error_pct,minus,0.05
D,balanced_improvement,CCR,H,0.1630480553637358,error_pct,minus,0.05
D,balanced_improvement,CCR,I,0.15743465599041725,error_pct,minus,0.05
D,cost_led_development,CCR,A,0.00004178244562625899,error_pct,minus,0.05
D,cost_led_development,CCR,B,0.5994189842246652,error_pct,minus,0.05
D,cost_led_development,CCR,H,0.06951320442910876,error_pct,minus,0.05
D,cost_led_development,CCR,I,0.11854739257729541,error_pct,minus,0.05
D,delivery_reliability_led,CCR,A,0.00006232578342879042,error_pct,minus,0.05
D,delivery_reliability_led,CCR,B,0.2216500646764541,error_pct,minus,0.05
D,delivery_reliability_led,CCR,H,0.25012380703004516,error_pct,minus,0.05
D,delivery_reliability_led,CCR,I,0.2688456019348,error_pct,minus,0.05
D,product_quality_led,CCR,A,0.00002275960166688292,error_pct,minus,0.05
D,product_quality_led,CCR,B,0.44456720120605775,error_pct,minus,0.05
D,product_quality_led,CCR,H,0.21614499382736233,error_pct,minus,0.05
D,product_quality_led,CCR,I,0.1910380456267823,error_pct,minus,0.05
E,balanced_improvement,CCR,B,0.08947692042067179,error_pct,minus,0.05
E,balanced_improvement,CCR,H,0.4573344416826752,error_pct,minus,0.05
E,cost_led_development,CCR,B,0.25079724848031604,error_pct,minus,0.05
E,cost_led_development,CCR,H,0.32807210919665764,error_pct,minus,0.05
E,delivery_reliability_led,CCR,H,0.5052028720412686,error_pct,minus,0.05
E,product_quality_led,CCR,H,0.614503677988027,error_pct,minus,0.05
C,balanced_improvement,CCR,A,0.16518360140630364,error_pct,minus,0.05
C,balanced_improvement,CCR,B,0.5094819168628435,error_pct,minus,0.05
C,balanced_improvement,CCR,H,0.1310501497166489,error_pct,minus,0.05
C,cost_led_development,CCR,A,0.21850980772075038,error_pct,minus,0.05
C,cost_led_development,CCR,B,0.6389969079761617,error_pct,minus,0.05
C,cost_led_development,CCR,H,0.00004938625896990748,error_pct,minus,0.05
C,cost_led_development,CCR,I,0.04720272214751874,error_pct,minus,0.05
C,delivery_reliability_led,CCR,A,0.15550236096219777,error_pct,minus,0.05
C,delivery_reliability_led,CCR,B,0.22860021061861505,error_pct,minus,0.05
C,delivery_reliability_led,CCR,H,0.2535177219909986,error_pct,minus,0.05
C,delivery_reliability_led,CCR,I,0.07975657021734832,error_pct,minus,0.05
C,product_quality_led,CCR,A,0.05537560226701228,error_pct,minus,0.05
C,product_quality_led,CCR,B,0.6684458388985539,error_pct,minus,0.05
C,product_quality_led,CCR,H,0.2143597421467227,error_pct,minus,0.05
K,balanced_improvement,CCR,A,0.021721104302303076,error_pct,minus,0.05
K,balanced_improvement,CCR,B,0.35458372113565195,error_pct,minus,0.05
K,balanced_improvement,CCR,H,0.03590860443851678,error_pct,minus,0.05
K,balanced_improvement,CCR,I,0.21531661952821063,error_pct,minus,0.05
K,cost_led_development,CCR,A,0.1037059144772581,error_pct,minus,0.05
K,cost_led_development,CCR,B,0.4550389143661974,error_pct,minus,0.05
K,cost_led_development,CCR,H,0.000032326329564422426,error_pct,minus,0.05
K,cost_led_development,CCR,I,0.01810096684771812,error_pct,minus,0.05
K,delivery_reliability_led,CCR,A,0.03366996102247509,error_pct,minus,0.05
K,delivery_reliability_led,CCR,B,0.16779380809115887,error_pct,minus,0.05
K,delivery_reliability_led,CCR,H,0.13219676271264091,error_pct,minus,0.05
K,delivery_reliability_led,CCR,I,0.18512054335194936,error_pct,minus,0.05
K,product_quality_led,CCR,A,0.13106104711250294,error_pct,minus,0.05
K,product_quality_led,CCR,B,0.33389828013272926,error_pct,minus,0.05
K,product_quality_led,CCR,H,0.10436109160699684,error_pct,minus,0.05
K,product_quality_led,CCR,I,0.10094507591602303,error_pct,minus,0.05
J,balanced_improvement,CCR,A,0.032347362177356474,error_pct,minus,0.05
J,balanced_improvement,CCR,B,0.6173332394581204,error_pct,minus,0.05
J,balanced_improvement,CCR,H,0.022801614572325945,error_pct,minus,0.05
J,balanced_improvement,CCR,I,0.09657471722851374,error_pct,minus,0.05
J,cost_led_development,CCR,A,0.2226439671744125,error_pct,minus,0.05
J,cost_led_development,CCR,B,0.5106762645801765,error_pct,minus,0.05
J,delivery_reliability_led,CCR,A,0.05547866201178613,error_pct,minus,0.05
J,delivery_reliability_led,CCR,B,0.3038452734952782,error_pct,minus,0.05
J,delivery_reliability_led,CCR,H,0.1264497813346868,error_pct,minus,0.05
J,delivery_reliability_led,CCR,I,0.16579205594017826,error_pct,minus,0.05
J,product_quality_led,CCR,A,0.056318605362311536,error_pct,minus,0.05
J,product_quality_led,CCR,B,0.7582652248338746,error_pct,minus,0.05
J,product_quality_led,CCR,H,0.06522179314778888,error_pct,minus,0.05
F,balanced_improvement,CCR,A,0.13116004115933935,error_pct,minus,0.05
F,balanced_improvement,CCR,B,0.37080141525248145,error_pct,minus,0.05
F,balanced_improvement,CCR,H,0.26551207372746904,error_pct,minus,0.05
F,balanced_improvement,CCR,I,0.01670710384789526,error_pct,minus,0.05
F,cost_led_development,CCR,A,0.12792562086436665,error_pct,minus,0.05
F,cost_led_development,CCR,B,0.5604756306602472,error_pct,minus,0.05
F,cost_led_development,CCR,H,0.04955663785457773,error_pct,minus,0.05
F,cost_led_development,CCR,I,0.2423180422793403,error_pct,minus,0.05
F,delivery_reliability_led,CCR,A,0.07429003245753989,error_pct,minus,0.05
F,delivery_reliability_led,CCR,B,0.14072416907965787,error_pct,minus,0.05
F,delivery_reliability_led,CCR,H,0.42026669894259283,error_pct,minus,0.05
F,delivery_reliability_led,CCR,I,0.026175059485328642,error_pct,minus,0.05
F,product_quality_led,CCR,A,0.06049289635808121,error_pct,minus,0.05
F,product_quality_led,CCR,B,0.4385992550072146,error_pct,minus,0.05
F,product_quality_led,CCR,H,0.4445797238568201,error_pct,minus,0.05
L,balanced_improvement,CCR,A,0.12481340951965693,error_pct,minus,0.05
L,balanced_improvement,CCR,B,0.7505740303814301,error_pct,minus,0.05
L,balanced_improvement,CCR,H,0.018256400779988167,error_pct,minus,0.05
L,balanced_improvement,CCR,I,0.1248248610490852,error_pct,minus,0.05
L,cost_led_development,CCR,A,0.4742664955474406,error_pct,minus,0.05
L,cost_led_development,CCR,B,0.4820877714677142,error_pct,minus,0.05
L,delivery_reliability_led,CCR,A,0.11901006153332194,error_pct,minus,0.05
L,delivery_reliability_led,CCR,B,0.3641429373789091,error_pct,minus,0.05
L,delivery_reliability_led,CCR,H,0.1565754417835879,error_pct,minus,0.05
L,delivery_reliability_led,CCR,I,0.21194384925892545,error_pct,minus,0.05
L,product_quality_led,CCR,A,0.18199174068443486,error_pct,minus,0.05
L,product_quality_led,CCR,B,0.9290192831846183,error_pct,minus,0.05
L,product_quality_led,CCR,H,0.07026339209745233,error_pct,minus,0.05
A,balanced_improvement,CCR,A,1.0,error_pct,plus,0.05
A,cost_led_development,CCR,A,1.0,error_pct,plus,0.05
A,delivery_reliability_led,CCR,A,1.0,error_pct,plus,0.05
A,product_quality_led,CCR,A,1.0,error_pct,plus,0.05
B,balanced_improvement,CCR,B,1.0,error_pct,plus,0.05
B,cost_led_development,CCR,B,1.0,error_pct,plus,0.05
B,delivery_reliability_led,CCR,B,1.0,error_pct,plus,0.05
B,product_quality_led,CCR,B,1.0,error_pct,plus,0.05
G,balanced_improvement,CCR,G,1.0,error_pct,plus,0.05
G,cost_led_development,CCR,G,1.0,error_pct,plus,0.05
G,delivery_reliability_led,CCR,G,1.0,error_pct,plus,0.05
G,product_quality_led,CCR,G,1.0,error_pct,plus,0.05
H,balanced_improvement,CCR,H,1.0,error_pct,plus,0.05
H,cost_led_development,CCR,H,1.0,error_pct,plus,0.05
H,delivery_reliability_led,CCR,H,1.0,error_pct,plus,0.05
H,product_quality_led,CCR,H,1.0,error_pct,plus,0.05
I,balanced_improvement,CCR,I,1.0,error_pct,plus,0.05
I,cost_led_development,CCR,I,1.0,error_pct,plus,0.05
I,delivery_reliability_led,CCR,I,1.0,error_pct,plus,0.05
I,product_quality_led,CCR,I,1.0,error_pct,plus,0.05
D,balanced_improvement,CCR,A,0.00004315754472315705,error_pct,plus,0.05
D,balanced_improvement,CCR,B,0.4407415219688679,error_pct,plus,0.05
D,balanced_improvement,CCR,H,0.16304805536373584,error_pct,plus,0.05
D,balanced_improvement,CCR,I,0.1574346559904169,error_pct,plus,0.05
D,cost_led_development,CCR,A,0.00004178244563317031,error_pct,plus,0.05
D,cost_led_development,CCR,B,0.5994189842246638,error_pct,plus,0.05
D,cost_led_development,CCR,H,0.06951320442911303,error_pct,plus,0.05
D,cost_led_development,CCR,I,0.1185473925772752,error_pct,plus,0.05
D,delivery_reliability_led,CCR,A,0.00006232578342799612,error_pct,plus,0.05
D,delivery_reliability_led,CCR,B,0.22165006467645418,error_pct,plus,0.05
D,delivery_reliability_led,CCR,H,0.2501238070300446,error_pct,plus,0.05
D,delivery_reliability_led,CCR,I,0.2688456019348027,error_pct,plus,0.05
D,product_quality_led,CCR,A,0.000022759601675125812,error_pct,plus,0.05
D,product_quality_led,CCR,B,0.44456720120605714,error_pct,plus,0.05
D,product_quality_led,CCR,H,0.21614499382736757,error_pct,plus,0.05
D,product_quality_led,CCR,I,0.191038045626756,error_pct,plus,0.05
E,balanced_improvement,CCR,B,0.08947692042067179,error_pct,plus,0.05
E,balanced_improvement,CCR,H,0.4573344416826752,error_pct,plus,0.05
E,cost_led_development,CCR,B,0.25079724848031626,error_pct,plus,0.05
E,cost_led_development,CCR,H,0.3280721091966575,error_pct,plus,0.05
E,delivery_reliability_led,CCR,H,0.5052028720412686,error_pct,plus,0.05
E,product_quality_led,CCR,H,0.614503677988027,error_pct,plus,0.05
C,balanced_improvement,CCR,A,0.16518360140630364,error_pct,plus,0.05
C,balanced_improvement,CCR,B,0.5094819168628435,error_pct,plus,0.05
C,balanced_improvement,CCR,H,0.13105014971664897,error_pct,plus,0.05
C,cost_led_development,CCR,A,0.21850980772074988,error_pct,plus,0.05
C,cost_led_development,CCR,B,0.6389969079761618,error_pct,plus,0.05
C,cost_led_development,CCR,H,0.000049386258969640245,error_pct,plus,0.05
C,cost_led_development,CCR,I,0.04720272214752009,error_pct,plus,0.05
C,delivery_reliability_led,CCR,A,0.15550236096219622,error_pct,plus,0.05
C,delivery_reliability_led,CCR,B,0.2286002106186155,error_pct,plus,0.05
C,delivery_reliability_led,CCR,H,0.25351772199099776,error_pct,plus,0.05
C,delivery_reliability_led,CCR,I,0.07975657021735269,error_pct,plus,0.05
C,product_quality_led,CCR,A,0.05537560226701144,error_pct,plus,0.05
C,product_quality_led,CCR,B,0.6684458388985568,error_pct,plus,0.05
C,product_quality_led,CCR,H,0.21435974214672213,error_pct,plus,0.05
K,balanced_improvement,CCR,A,0.02172110430230264,error_pct,plus,0.05
K,balanced_improvement,CCR,B,0.35458372113565195,error_pct,plus,0.05
K,balanced_improvement,CCR,H,0.03590860443851642,error_pct,plus,0.05
K,balanced_improvement,CCR,I,0.21531661952821224,error_pct,plus,0.05
K,cost_led_development,CCR,A,0.10370591447725773,error_pct,plus,0.05
K,cost_led_development,CCR,B,0.45503891436619726,error_pct,plus,0.05
K,cost_led_development,CCR,H,0.00003232632956404805,error_pct,plus,0.05
K,cost_led_development,CCR,I,0.018100966847720053,error_pct,plus,0.05
K,delivery_reliability_led,CCR,A,0.03366996102247587,error_pct,plus,0.05
K,delivery_reliability_led,CCR,B,0.16779380809115865,error_pct,plus,0.05
K,delivery_reliability_led,CCR,H,0.13219676271264144,error_pct,plus,0.05
K,delivery_reliability_led,CCR,I,0.18512054335194714,error_pct,plus,0.05
K,product_quality_led,CCR,A,0.13106104711250355,error_pct,plus,0.05
K,product_quality_led,CCR,B,0.33389828013272915,error_pct,plus,0.05
K,product_quality_led,CCR,H,0.1043610916069972,error_pct,plus,0.05
K,product_quality_led,CCR,I,0.10094507591602118,error_pct,plus,0.05
J,balanced_improvement,CCR,A,0.032347362177356176,error_pct,plus,0.05
J,balanced_improvement,CCR,B,0.6173332394581204,error_pct,plus,0.05
J,balanced_improvement,CCR,H,0.0228016145723258,error_pct,plus,0.05
J,balanced_improvement,CCR,I,0.09657471722851448,error_pct,plus,0.05
J,cost_led_development,CCR,A,0.2226439671744112,error_pct,plus,0.05
J,cost_led_development,CCR,B,0.5106762645801778,error_pct,plus,0.05
J,delivery_reliability_led,CCR,A,0.05547866201178839,error_pct,plus,0.05
J,delivery_reliability_led,CCR,B,0.30384527349527773,error_pct,plus,0.05
J,delivery_reliability_led,CCR,H,0.12644978133468826,error_pct,plus,0.05
J,delivery_reliability_led,CCR,I,0.16579205594017124,error_pct,plus,0.05
J,product_quality_led,CCR,A,0.056318605362311536,error_pct,plus,0.05
J,product_quality_led,CCR,B,0.7582652248338746,error_pct,plus,0.05
J,product_quality_led,CCR,H,0.06522179314778888,error_pct,plus,0.05
F,balanced_improvement,CCR,A,0.13116004115933838,error_pct,plus,0.05
F,balanced_improvement,CCR,B,0.3708014152524815,error_pct,plus,0.05
F,balanced_improvement,CCR,H,0.26551207372746843,error_pct,plus,0.05
F,balanced_improvement,CCR,I,0.016707103847898495,error_pct,plus,0.05
F,cost_led_development,CCR,A,0.12792562086436773,error_pct,plus,0.05
F,cost_led_development,CCR,B,0.5604756306602469,error_pct,plus,0.05
F,cost_led_development,CCR,H,0.049556637854578506,error_pct,plus,0.05
F,cost_led_development,CCR,I,0.2423180422793371,error_pct,plus,0.05
F,delivery_reliability_led,CCR,A,0.07429003245753879,error_pct,plus,0.05
F,delivery_reliability_led,CCR,B,0.14072416907965812,error_pct,plus,0.05
F,delivery_reliability_led,CCR,H,0.4202666989425921,error_pct,plus,0.05
F,delivery_reliability_led,CCR,I,0.026175059485331876,error_pct,plus,0.05
F,product_quality_led,CCR,A,0.06049289635808145,error_pct,plus,0.05
F,product_quality_led,CCR,B,0.4385992550072145,error_pct,plus,0.05
F,product_quality_led,CCR,H,0.44457972385682004,error_pct,plus,0.05
L,balanced_improvement,CCR,A,0.12481340951964934,error_pct,plus,0.05
L,balanced_improvement,CCR,B,0.7505740303814314,error_pct,plus,0.05
L,balanced_improvement,CCR,H,0.01825640077998349,error_pct,plus,0.05
L,balanced_improvement,CCR,I,0.1248248610491078,error_pct,plus,0.05
L,cost_led_development,CCR,A,0.47426649554743977,error_pct,plus,0.05
L,cost_led_development,CCR,B,0.482087771467715,error_pct,plus,0.05
L,delivery_reliability_led,CCR,A,0.11901006153332408,error_pct,plus,0.05
L,delivery_reliability_led,CCR,B,0.3641429373789085,error_pct,plus,0.05
L,delivery_reliability_led,CCR,H,0.15657544178358923,error_pct,plus,0.05
L,delivery_reliability_led,CCR,I,0.2119438492589191,error_pct,plus,0.05
L,product_quality_led,CCR,A,0.18199174068443486,error_pct,plus,0.05
L,product_quality_led,CCR,B,0.9290192831846183,error_pct,plus,0.05
L,product_quality_led,CCR,H,0.07026339209745233,error_pct,plus,0.05
A,balanced_improvement,CCR,A,1.0,lead_days,minus,0.05
A,cost_led_development,CCR,A,1.0,lead_days,minus,0.05
A,delivery_reliability_led,CCR,A,1.0,lead_days,minus,0.05
A,product_quality_led,CCR,A,1.0,lead_days,minus,0.05
B,balanced_improvement,CCR,B,1.0,lead_days,minus,0.05
B,cost_led_development,CCR,B,1.0,lead_days,minus,0.05
B,delivery_reliability_led,CCR,B,1.0,lead_days,minus,0.05
B,product_quality_led,CCR,B,1.0,lead_days,minus,0.05
G,balanced_improvement,CCR,G,1.0,lead_days,minus,0.05
G,cost_led_development,CCR,G,1.0,lead_days,minus,0.05
G,delivery_reliability_led,CCR,G,1.0,lead_days,minus,0.05
G,product_quality_led,CCR,G,1.0,lead_days,minus,0.05
H,balanced_improvement,CCR,H,1.0,lead_days,minus,0.05
H,cost_led_development,CCR,H,1.0,lead_days,minus,0.05
H,delivery_reliability_led,CCR,H,1.0,lead_days,minus,0.05
H,product_quality_led,CCR,H,1.0,lead_days,minus,0.05
I,balanced_improvement,CCR,I,1.0,lead_days,minus,0.05
I,cost_led_development,CCR,I,1.0,lead_days,minus,0.05
I,delivery_reliability_led,CCR,I,1.0,lead_days,minus,0.05
I,product_quality_led,CCR,I,1.0,lead_days,minus,0.05
D,balanced_improvement,CCR,A,0.00004315754472460959,lead_days,minus,0.05
D,balanced_improvement,CCR,B,0.44074152196886757,lead_days,minus,0.05
D,balanced_improvement,CCR,H,0.16304805536373682,lead_days,minus,0.05
D,balanced_improvement,CCR,I,0.15743465599041234,lead_days,minus,0.05
D,cost_led_development,CCR,A,0.00004178244563466715,lead_days,minus,0.05
D,cost_led_development,CCR,B,0.5994189842246637,lead_days,minus,0.05
D,cost_led_development,CCR,H,0.06951320442911409,lead_days,minus,0.05
D,cost_led_development,CCR,I,0.11854739257727016,lead_days,minus,0.05
D,delivery_reliability_led,CCR,A,0.00006232578343357006,lead_days,minus,0.05
D,delivery_reliability_led,CCR,B,0.22165006467645276,lead_days,minus,0.05
D,delivery_reliability_led,CCR,H,0.25012380703004833,lead_days,minus,0.05
D,delivery_reliability_led,CCR,I,0.26884560193478596,lead_days,minus,0.05
D,product_quality_led,CCR,A,0.000022759601669536022,lead_days,minus,0.05
D,product_quality_led,CCR,B,0.44456720120605786,lead_days,minus,0.05
D,product_quality_led,CCR,H,0.21614499382736407,lead_days,minus,0.05
D,product_quality_led,CCR,I,0.1910380456267733,lead_days,minus,0.05
E,balanced_improvement,CCR,B,0.08947692042067153,lead_days,minus,0.05
E,balanced_improvement,CCR,H,0.45733444168267545,lead_days,minus,0.05
E,cost_led_development,CCR,B,0.25079724848031604,lead_days,minus,0.05
E,cost_led_development,CCR,H,0.32807210919665764,lead_days,minus,0.05
E,delivery_reliability_led,CCR,H,0.5052028720412686,lead_days,minus,0.05
E,product_quality_led,CCR,H,0.614503677988027,lead_days,minus,0.05
C,balanced_improvement,CCR,A,0.16518360140630364,lead_days,minus,0.05
C,balanced_improvement,CCR,B,0.5094819168628435,lead_days,minus,0.05
C,balanced_improvement,CCR,H,0.13105014971664897,lead_days,minus,0.05
C,cost_led_development,CCR,A,0.21850980772074988,lead_days,minus,0.05
C,cost_led_development,CCR,B,0.6389969079761618,lead_days,minus,0.05
C,cost_led_development,CCR,H,0.000049386258969640245,lead_days,minus,0.05
C,cost_led_development,CCR,I,0.04720272214752009,lead_days,minus,0.05
C,delivery_reliability_led,CCR,A,0.15550236096219622,lead_days,minus,0.05
C,delivery_reliability_led,CCR,B,0.2286002106186155,lead_days,minus,0.05
C,delivery_reliability_led,CCR,H,0.25351772199099776,lead_days,minus,0.05
C,delivery_reliability_led,CCR,I,0.07975657021735269,lead_days,minus,0.05
C,product_quality_led,CCR,A,0.05537560226701122,lead_days,minus,0.05
C,product_quality_led,CCR,B,0.6684458388985569,lead_days,minus,0.05
C,product_quality_led,CCR,H,0.21435974214672218,lead_days,minus,0.05
K,balanced_improvement,CCR,A,0.021721104302301522,lead_days,minus,0.05
K,balanced_improvement,CCR,B,0.3545837211356523,lead_days,minus,0.05
K,balanced_improvement,CCR,H,0.03590860443851577,lead_days,minus,0.05
K,balanced_improvement,CCR,I,0.21531661952821535,lead_days,minus,0.05
K,cost_led_development,CCR,A,0.1037059144772582,lead_days,minus,0.05
K,cost_led_development,CCR,B,0.45503891436619726,lead_days,minus,0.05
K,cost_led_development,CCR,H,0.000032326329564489294,lead_days,minus,0.05
K,cost_led_development,CCR,I,0.018100966847718083,lead_days,minus,0.05
K,delivery_reliability_led,CCR,A,0.033669961022475096,lead_days,minus,0.05
K,delivery_reliability_led,CCR,B,0.1677938080911589,lead_days,minus,0.05
K,delivery_reliability_led,CCR,H,0.132196762712641,lead_days,minus,0.05
K,delivery_reliability_led,CCR,I,0.18512054335194927,lead_days,minus,0.05
K,product_quality_led,CCR,A,0.13106104711250594,lead_days,minus,0.05
K,product_quality_led,CCR,B,0.3338982801327288,lead_days,minus,0.05
K,product_quality_led,CCR,H,0.1043610916069987,lead_days,minus,0.05
K,product_quality_led,CCR,I,0.10094507591601382,lead_days,minus,0.05
J,balanced_improvement,CCR,A,0.032347362177359305,lead_days,minus,0.05
J,balanced_improvement,CCR,B,0.6173332394581199,lead_days,minus,0.05
J,balanced_improvement,CCR,H,0.022801614572327655,lead_days,minus,0.05
J,balanced_improvement,CCR,I,0.09657471722850544,lead_days,minus,0.05
J,cost_led_development,CCR,A,0.222643967174412,lead_days,minus,0.05
J,cost_led_development,CCR,B,0.510676264580177,lead_days,minus,0.05
J,delivery_reliability_led,CCR,A,0.05547866201178765,lead_days,minus,0.05
J,delivery_reliability_led,CCR,B,0.30384527349527807,lead_days,minus,0.05
J,delivery_reliability_led,CCR,H,0.12644978133468776,lead_days,minus,0.05
J,delivery_reliability_led,CCR,I,0.16579205594017354,lead_days,minus,0.05
J,product_quality_led,CCR,A,0.05631860536231128,lead_days,minus,0.05
J,product_quality_led,CCR,B,0.7582652248338744,lead_days,minus,0.05
J,product_quality_led,CCR,H,0.065221793147789,lead_days,minus,0.05
F,balanced_improvement,CCR,A,0.13116004115934013,lead_days,minus,0.05
F,balanced_improvement,CCR,B,0.37080141525248117,lead_days,minus,0.05
F,balanced_improvement,CCR,H,0.26551207372746943,lead_days,minus,0.05
F,balanced_improvement,CCR,I,0.01670710384789332,lead_days,minus,0.05
F,cost_led_development,CCR,A,0.1279256208643663,lead_days,minus,0.05
F,cost_led_development,CCR,B,0.5604756306602473,lead_days,minus,0.05
F,cost_led_development,CCR,H,0.04955663785457756,lead_days,minus,0.05
F,cost_led_development,CCR,I,0.2423180422793412,lead_days,minus,0.05
F,delivery_reliability_led,CCR,A,0.07429003245753976,lead_days,minus,0.05
F,delivery_reliability_led,CCR,B,0.14072416907965787,lead_days,minus,0.05
F,delivery_reliability_led,CCR,H,0.42026669894259283,lead_days,minus,0.05
F,delivery_reliability_led,CCR,I,0.026175059485328955,lead_days,minus,0.05
F,product_quality_led,CCR,A,0.060492896358081055,lead_days,minus,0.05
F,product_quality_led,CCR,B,0.43859925500721475,lead_days,minus,0.05
F,product_quality_led,CCR,H,0.44457972385682004,lead_days,minus,0.05
L,balanced_improvement,CCR,A,0.12481340951964899,lead_days,minus,0.05
L,balanced_improvement,CCR,B,0.7505740303814316,lead_days,minus,0.05
L,balanced_improvement,CCR,H,0.018256400779983292,lead_days,minus,0.05
L,balanced_improvement,CCR,I,0.12482486104910873,lead_days,minus,0.05
L,cost_led_development,CCR,A,0.47426649554743877,lead_days,minus,0.05
L,cost_led_development,CCR,B,0.4820877714677159,lead_days,minus,0.05
L,delivery_reliability_led,CCR,A,0.11901006153332706,lead_days,minus,0.05
L,delivery_reliability_led,CCR,B,0.36414293737890785,lead_days,minus,0.05
L,delivery_reliability_led,CCR,H,0.1565754417835911,lead_days,minus,0.05
L,delivery_reliability_led,CCR,I,0.21194384925891008,lead_days,minus,0.05
L,product_quality_led,CCR,A,0.18199174068443533,lead_days,minus,0.05
L,product_quality_led,CCR,B,0.9290192831846175,lead_days,minus,0.05
L,product_quality_led,CCR,H,0.07026339209745247,lead_days,minus,0.05
A,balanced_improvement,CCR,A,1.0,lead_days,plus,0.05
A,cost_led_development,CCR,A,1.0,lead_days,plus,0.05
A,delivery_reliability_led,CCR,A,1.0,lead_days,plus,0.05
A,product_quality_led,CCR,A,1.0,lead_days,plus,0.05
B,balanced_improvement,CCR,B,1.0,lead_days,plus,0.05
B,cost_led_development,CCR,B,1.0,lead_days,plus,0.05
B,delivery_reliability_led,CCR,B,1.0,lead_days,plus,0.05
B,product_quality_led,CCR,B,1.0,lead_days,plus,0.05
G,balanced_improvement,CCR,G,1.0,lead_days,plus,0.05
G,cost_led_development,CCR,G,1.0,lead_days,plus,0.05
G,delivery_reliability_led,CCR,G,1.0,lead_days,plus,0.05
G,product_quality_led,CCR,G,1.0,lead_days,plus,0.05
H,balanced_improvement,CCR,H,1.0,lead_days,plus,0.05
H,cost_led_development,CCR,H,1.0,lead_days,plus,0.05
H,delivery_reliability_led,CCR,H,1.0,lead_days,plus,0.05
H,product_quality_led,CCR,H,1.0,lead_days,plus,0.05
I,balanced_improvement,CCR,I,1.0,lead_days,plus,0.05
I,cost_led_development,CCR,I,1.0,lead_days,plus,0.05
I,delivery_reliability_led,CCR,I,1.0,lead_days,plus,0.05
I,product_quality_led,CCR,I,1.0,lead_days,plus,0.05
D,balanced_improvement,CCR,A,0.00004315754472460959,lead_days,plus,0.05
D,balanced_improvement,CCR,B,0.44074152196886757,lead_days,plus,0.05
D,balanced_improvement,CCR,H,0.16304805536373682,lead_days,plus,0.05
D,balanced_improvement,CCR,I,0.15743465599041234,lead_days,plus,0.05
D,cost_led_development,CCR,A,0.00004178244563466715,lead_days,plus,0.05
D,cost_led_development,CCR,B,0.5994189842246637,lead_days,plus,0.05
D,cost_led_development,CCR,H,0.06951320442911409,lead_days,plus,0.05
D,cost_led_development,CCR,I,0.11854739257727016,lead_days,plus,0.05
D,delivery_reliability_led,CCR,A,0.00006232578343357006,lead_days,plus,0.05
D,delivery_reliability_led,CCR,B,0.22165006467645276,lead_days,plus,0.05
D,delivery_reliability_led,CCR,H,0.25012380703004833,lead_days,plus,0.05
D,delivery_reliability_led,CCR,I,0.26884560193478596,lead_days,plus,0.05
D,product_quality_led,CCR,A,0.000022759601669536022,lead_days,plus,0.05
D,product_quality_led,CCR,B,0.44456720120605786,lead_days,plus,0.05
D,product_quality_led,CCR,H,0.21614499382736407,lead_days,plus,0.05
D,product_quality_led,CCR,I,0.1910380456267733,lead_days,plus,0.05
E,balanced_improvement,CCR,B,0.08947692042067186,lead_days,plus,0.05
E,balanced_improvement,CCR,H,0.4573344416826752,lead_days,plus,0.05
E,cost_led_development,CCR,B,0.25079724848031626,lead_days,plus,0.05
E,cost_led_development,CCR,H,0.3280721091966575,lead_days,plus,0.05
E,delivery_reliability_led,CCR,H,0.5052028720412687,lead_days,plus,0.05
E,product_quality_led,CCR,H,0.6145036779880269,lead_days,plus,0.05
C,balanced_improvement,CCR,A,0.1651836014063032,lead_days,plus,0.05
C,balanced_improvement,CCR,B,0.5094819168628439,lead_days,plus,0.05
C,balanced_improvement,CCR,H,0.131050149716649,lead_days,plus,0.05
C,cost_led_development,CCR,A,0.21850980772074988,lead_days,plus,0.05
C,cost_led_development,CCR,B,0.6389969079761618,lead_days,plus,0.05
C,cost_led_development,CCR,H,0.000049386258969640245,lead_days,plus,0.05
C,cost_led_development,CCR,I,0.04720272214752009,lead_days,plus,0.05
C,delivery_reliability_led,CCR,A,0.15550236096219547,lead_days,plus,0.05
C,delivery_reliability_led,CCR,B,0.22860021061861568,lead_days,plus,0.05
C,delivery_reliability_led,CCR,H,0.2535177219909972,lead_days,plus,0.05
C,delivery_reliability_led,CCR,I,0.07975657021735498,lead_days,plus,0.05
C,product_quality_led,CCR,A,0.055375602267011534,lead_days,plus,0.05
C,product_quality_led,CCR,B,0.6684458388985556,lead_days,plus,0.05
C,product_quality_led,CCR,H,0.2143597421467225,lead_days,plus,0.05
K,balanced_improvement,CCR,A,0.021721104302302043,lead_days,plus,0.05
K,balanced_improvement,CCR,B,0.3545837211356521,lead_days,plus,0.05
K,balanced_improvement,CCR,H,0.035908604438516095,lead_days,plus,0.05
K,balanced_improvement,CCR,I,0.21531661952821382,lead_days,plus,0.05
K,cost_led_development,CCR,A,0.1037059144772582,lead_days,plus,0.05
K,cost_led_development,CCR,B,0.45503891436619726,lead_days,plus,0.05
K,cost_led_development,CCR,H,0.000032326329564489294,lead_days,plus,0.05
K,cost_led_development,CCR,I,0.018100966847718083,lead_days,plus,0.05
K,delivery_reliability_led,CCR,A,0.033669961022475096,lead_days,plus,0.05
K,delivery_reliability_led,CCR,B,0.1677938080911589,lead_days,plus,0.05
K,delivery_reliability_led,CCR,H,0.132196762712641,lead_days,plus,0.05
K,delivery_reliability_led,CCR,I,0.18512054335194927,lead_days,plus,0.05
K,product_quality_led,CCR,A,0.13106104711250594,lead_days,plus,0.05
K,product_quality_led,CCR,B,0.3338982801327288,lead_days,plus,0.05
K,product_quality_led,CCR,H,0.1043610916069987,lead_days,plus,0.05
K,product_quality_led,CCR,I,0.10094507591601382,lead_days,plus,0.05
J,balanced_improvement,CCR,A,0.03234736217735743,lead_days,plus,0.05
J,balanced_improvement,CCR,B,0.6173332394581201,lead_days,plus,0.05
J,balanced_improvement,CCR,H,0.022801614572326514,lead_days,plus,0.05
J,balanced_improvement,CCR,I,0.09657471722851084,lead_days,plus,0.05
J,cost_led_development,CCR,A,0.222643967174412,lead_days,plus,0.05
J,cost_led_development,CCR,B,0.510676264580177,lead_days,plus,0.05
J,delivery_reliability_led,CCR,A,0.05547866201178873,lead_days,plus,0.05
J,delivery_reliability_led,CCR,B,0.3038452734952778,lead_days,plus,0.05
J,delivery_reliability_led,CCR,H,0.12644978133468837,lead_days,plus,0.05
J,delivery_reliability_led,CCR,I,0.16579205594017052,lead_days,plus,0.05
J,product_quality_led,CCR,A,0.056318605362311515,lead_days,plus,0.05
J,product_quality_led,CCR,B,0.7582652248338742,lead_days,plus,0.05
J,product_quality_led,CCR,H,0.065221793147789,lead_days,plus,0.05
F,balanced_improvement,CCR,A,0.1311600411593379,lead_days,plus,0.05
F,balanced_improvement,CCR,B,0.3708014152524816,lead_days,plus,0.05
F,balanced_improvement,CCR,H,0.2655120737274682,lead_days,plus,0.05
F,balanced_improvement,CCR,I,0.016707103847899748,lead_days,plus,0.05
F,cost_led_development,CCR,A,0.1279256208643683,lead_days,plus,0.05
F,cost_led_development,CCR,B,0.5604756306602469,lead_days,plus,0.05
F,cost_led_development,CCR,H,0.04955663785457868,lead_days,plus,0.05
F,cost_led_development,CCR,I,0.24231804227933565,lead_days,plus,0.05
F,delivery_reliability_led,CCR,A,0.07429003245753976,lead_days,plus,0.05
F,delivery_reliability_led,CCR,B,0.14072416907965787,lead_days,plus,0.05
F,delivery_reliability_led,CCR,H,0.42026669894259283,lead_days,plus,0.05
F,delivery_reliability_led,CCR,I,0.026175059485328955,lead_days,plus,0.05
F,product_quality_led,CCR,A,0.06049289635808088,lead_days,plus,0.05
F,product_quality_led,CCR,B,0.4385992550072148,lead_days,plus,0.05
F,product_quality_led,CCR,H,0.4445797238568201,lead_days,plus,0.05
L,balanced_improvement,CCR,A,0.12481340951964989,lead_days,plus,0.05
L,balanced_improvement,CCR,B,0.7505740303814314,lead_days,plus,0.05
L,balanced_improvement,CCR,H,0.01825640077998387,lead_days,plus,0.05
L,balanced_improvement,CCR,I,0.12482486104910581,lead_days,plus,0.05
L,cost_led_development,CCR,A,0.47426649554743877,lead_days,plus,0.05
L,cost_led_development,CCR,B,0.4820877714677159,lead_days,plus,0.05
L,delivery_reliability_led,CCR,A,0.11901006153332576,lead_days,plus,0.05
L,delivery_reliability_led,CCR,B,0.36414293737890824,lead_days,plus,0.05
L,delivery_reliability_led,CCR,H,0.15657544178359029,lead_days,plus,0.05
L,delivery_reliability_led,CCR,I,0.211943849258914,lead_days,plus,0.05
L,product_quality_led,CCR,A,0.18199174068443558,lead_days,plus,0.05
L,product_quality_led,CCR,B,0.9290192831846172,lead_days,plus,0.05
L,product_quality_led,CCR,H,0.07026339209745244,lead_days,plus,0.05
A,balanced_improvement,CCR,A,1.0,quality_score,minus,0.05
A,cost_led_development,CCR,A,1.0,quality_score,minus,0.05
A,delivery_reliability_led,CCR,A,1.0,quality_score,minus,0.05
A,product_quality_led,CCR,A,1.0,quality_score,minus,0.05
B,balanced_improvement,CCR,B,1.0,quality_score,minus,0.05
B,cost_led_development,CCR,B,1.0,quality_score,minus,0.05
B,delivery_reliability_led,CCR,B,1.0,quality_score,minus,0.05
B,product_quality_led,CCR,B,1.0,quality_score,minus,0.05
G,balanced_improvement,CCR,G,1.0,quality_score,minus,0.05
G,cost_led_development,CCR,G,1.0,quality_score,minus,0.05
G,delivery_reliability_led,CCR,G,1.0,quality_score,minus,0.05
G,product_quality_led,CCR,G,1.0,quality_score,minus,0.05
H,balanced_improvement,CCR,H,1.0,quality_score,minus,0.05
H,cost_led_development,CCR,H,1.0,quality_score,minus,0.05
H,delivery_reliability_led,CCR,H,1.0,quality_score,minus,0.05
H,product_quality_led,CCR,H,1.0,quality_score,minus,0.05
I,balanced_improvement,CCR,I,1.0,quality_score,minus,0.05
I,cost_led_development,CCR,I,1.0,quality_score,minus,0.05
I,delivery_reliability_led,CCR,I,1.0,quality_score,minus,0.05
I,product_quality_led,CCR,I,1.0,quality_score,minus,0.05
D,balanced_improvement,CCR,A,0.00004315754472231152,quality_score,minus,0.05
D,balanced_improvement,CCR,B,0.44074152196886807,quality_score,minus,0.05
D,balanced_improvement,CCR,H,0.1630480553637353,quality_score,minus,0.05
D,balanced_improvement,CCR,I,0.15743465599041936,quality_score,minus,0.05
D,cost_led_development,CCR,A,0.00004178244563220942,quality_score,minus,0.05
D,cost_led_development,CCR,B,0.5994189842246639,quality_score,minus,0.05
D,cost_led_development,CCR,H,0.06951320442911235,quality_score,minus,0.05
D,cost_led_development,CCR,I,0.11854739257727843,quality_score,minus,0.05
D,delivery_reliability_led,CCR,A,0.00006232578343067428,quality_score,minus,0.05
D,delivery_reliability_led,CCR,B,0.22165006467645346,quality_score,minus,0.05
D,delivery_reliability_led,CCR,H,0.2501238070300465,quality_score,minus,0.05
D,delivery_reliability_led,CCR,I,0.2688456019347946,quality_score,minus,0.05
D,product_quality_led,CCR,A,0.000022759601673692165,quality_score,minus,0.05
D,product_quality_led,CCR,B,0.4445672012060574,quality_score,minus,0.05
D,product_quality_led,CCR,H,0.2161449938273667,quality_score,minus,0.05
D,product_quality_led,CCR,I,0.1910380456267602,quality_score,minus,0.05
E,balanced_improvement,CCR,B,0.08947692042067171,quality_score,minus,0.05
E,balanced_improvement,CCR,H,0.4573344416826753,quality_score,minus,0.05
E,cost_led_development,CCR,B,0.25079724848031637,quality_score,minus,0.05
E,cost_led_development,CCR,H,0.3280721091966574,quality_score,minus,0.05
E,delivery_reliability_led,CCR,H,0.5052028720412686,quality_score,minus,0.05
E,product_quality_led,CCR,H,0.614503677988027,quality_score,minus,0.05
C,balanced_improvement,CCR,A,0.1651836014063039,quality_score,minus,0.05
C,balanced_improvement,CCR,B,0.5094819168628433,quality_score,minus,0.05
C,balanced_improvement,CCR,H,0.1310501497166489,quality_score,minus,0.05
C,cost_led_development,CCR,A,0.21850980772075154,quality_score,minus,0.05
C,cost_led_development,CCR,B,0.6389969079761616,quality_score,minus,0.05
C,cost_led_development,CCR,H,0.000049386258970605144,quality_score,minus,0.05
C,cost_led_development,CCR,I,0.04720272214751532,quality_score,minus,0.05
C,delivery_reliability_led,CCR,A,0.15550236096219586,quality_score,minus,0.05
C,delivery_reliability_led,CCR,B,0.22860021061861555,quality_score,minus,0.05
C,delivery_reliability_led,CCR,H,0.2535177219909974,quality_score,minus,0.05
C,delivery_reliability_led,CCR,I,0.07975657021735387,quality_score,minus,0.05
C,product_quality_led,CCR,A,0.05537560226701211,quality_score,minus,0.05
C,product_quality_led,CCR,B,0.6684458388985544,quality_score,minus,0.05
C,product_quality_led,CCR,H,0.2143597421467226,quality_score,minus,0.05
K,balanced_improvement,CCR,A,0.021721104302302837,quality_score,minus,0.05
K,balanced_improvement,CCR,B,0.35458372113565206,quality_score,minus,0.05
K,balanced_improvement,CCR,H,0.03590860443851663,quality_score,minus,0.05
K,balanced_improvement,CCR,I,0.21531661952821127,quality_score,minus,0.05
K,cost_led_development,CCR,A,0.10370591447725867,quality_score,minus,0.05
K,cost_led_development,CCR,B,0.4550389143661972,quality_score,minus,0.05
K,cost_led_development,CCR,H,0.00003232632956474132,quality_score,minus,0.05
K,cost_led_development,CCR,I,0.018100966847716695,quality_score,minus,0.05
K,delivery_reliability_led,CCR,A,0.033669961022477,quality_score,minus,0.05
K,delivery_reliability_led,CCR,B,0.1677938080911585,quality_score,minus,0.05
K,delivery_reliability_led,CCR,H,0.13219676271264216,quality_score,minus,0.05
K,delivery_reliability_led,CCR,I,0.18512054335194358,quality_score,minus,0.05
K,product_quality_led,CCR,A,0.13106104711250297,quality_score,minus,0.05
K,product_quality_led,CCR,B,0.33389828013272904,quality_score,minus,0.05
K,product_quality_led,CCR,H,0.10436109160699682,quality_score,minus,0.05
K,product_quality_led,CCR,I,0.10094507591602334,quality_score,minus,0.05
J,balanced_improvement,CCR,A,0.03234736217735657,quality_score,minus,0.05
J,balanced_improvement,CCR,B,0.6173332394581204,quality_score,minus,0.05
J,balanced_improvement,CCR,H,0.022801614572325914,quality_score,minus,0.05
J,balanced_improvement,CCR,I,0.09657471722851362,quality_score,minus,0.05
J,cost_led_development,CCR,A,0.2226439671744125,quality_score,minus,0.05
J,cost_led_development,CCR,B,0.5106762645801765,quality_score,minus,0.05
J,delivery_reliability_led,CCR,A,0.05547866201178719,quality_score,minus,0.05
J,delivery_reliability_led,CCR,B,0.303845273495278,quality_score,minus,0.05
J,delivery_reliability_led,CCR,H,0.12644978133468732,quality_score,minus,0.05
J,delivery_reliability_led,CCR,I,0.16579205594017546,quality_score,minus,0.05
J,product_quality_led,CCR,A,0.05631860536231191,quality_score,minus,0.05
J,product_quality_led,CCR,B,0.7582652248338727,quality_score,minus,0.05
J,product_quality_led,CCR,H,0.0652217931477893,quality_score,minus,0.05
F,balanced_improvement,CCR,A,0.1311600411593402,quality_score,minus,0.05
F,balanced_improvement,CCR,B,0.3708014152524811,quality_score,minus,0.05
F,balanced_improvement,CCR,H,0.2655120737274695,quality_score,minus,0.05
F,balanced_improvement,CCR,I,0.016707103847892882,quality_score,minus,0.05
F,cost_led_development,CCR,A,0.12792562086436238,quality_score,minus,0.05
F,cost_led_development,CCR,B,0.560475630660248,quality_score,minus,0.05
F,cost_led_development,CCR,H,0.04955663785457502,quality_score,minus,0.05
F,cost_led_development,CCR,I,0.24231804227935325,quality_score,minus,0.05
F,delivery_reliability_led,CCR,A,0.07429003245753898,quality_score,minus,0.05
F,delivery_reliability_led,CCR,B,0.14072416907965807,quality_score,minus,0.05
F,delivery_reliability_led,CCR,H,0.4202666989425921,quality_score,minus,0.05
F,delivery_reliability_led,CCR,I,0.026175059485331508,quality_score,minus,0.05
F,product_quality_led,CCR,A,0.06049289635808128,quality_score,minus,0.05
F,product_quality_led,CCR,B,0.43859925500721497,quality_score,minus,0.05
F,product_quality_led,CCR,H,0.44457972385681993,quality_score,minus,0.05
L,balanced_improvement,CCR,A,0.12481340951965683,quality_score,minus,0.05
L,balanced_improvement,CCR,B,0.7505740303814301,quality_score,minus,0.05
L,balanced_improvement,CCR,H,0.018256400779988104,quality_score,minus,0.05
L,balanced_improvement,CCR,I,0.12482486104908533,quality_score,minus,0.05
L,cost_led_development,CCR,A,0.4742664955474395,quality_score,minus,0.05
L,cost_led_development,CCR,B,0.48208777146771525,quality_score,minus,0.05
L,delivery_reliability_led,CCR,A,0.11901006153332243,quality_score,minus,0.05
L,delivery_reliability_led,CCR,B,0.36414293737890907,quality_score,minus,0.05
L,delivery_reliability_led,CCR,H,0.15657544178358823,quality_score,minus,0.05
L,delivery_reliability_led,CCR,I,0.2119438492589237,quality_score,minus,0.05
L,product_quality_led,CCR,A,0.18199174068443502,quality_score,minus,0.05
L,product_quality_led,CCR,B,0.9290192831846176,quality_score,minus,0.05
L,product_quality_led,CCR,H,0.07026339209745251,quality_score,minus,0.05
A,balanced_improvement,CCR,A,1.0,quality_score,plus,0.05
A,cost_led_development,CCR,A,1.0,quality_score,plus,0.05
A,delivery_reliability_led,CCR,A,1.0,quality_score,plus,0.05
A,product_quality_led,CCR,A,1.0,quality_score,plus,0.05
B,balanced_improvement,CCR,B,1.0,quality_score,plus,0.05
B,cost_led_development,CCR,B,1.0,quality_score,plus,0.05
B,delivery_reliability_led,CCR,B,1.0,quality_score,plus,0.05
B,product_quality_led,CCR,B,1.0,quality_score,plus,0.05
G,balanced_improvement,CCR,G,1.0,quality_score,plus,0.05
G,cost_led_development,CCR,G,1.0,quality_score,plus,0.05
G,delivery_reliability_led,CCR,G,1.0,quality_score,plus,0.05
G,product_quality_led,CCR,G,1.0,quality_score,plus,0.05
H,balanced_improvement,CCR,H,1.0,quality_score,plus,0.05
H,cost_led_development,CCR,H,1.0,quality_score,plus,0.05
H,delivery_reliability_led,CCR,H,1.0,quality_score,plus,0.05
H,product_quality_led,CCR,H,1.0,quality_score,plus,0.05
I,balanced_improvement,CCR,I,1.0,quality_score,plus,0.05
I,cost_led_development,CCR,I,1.0,quality_score,plus,0.05
I,delivery_reliability_led,CCR,I,1.0,quality_score,plus,0.05
I,product_quality_led,CCR,I,1.0,quality_score,plus,0.05
D,balanced_improvement,CCR,A,0.000043157544722121536,quality_score,plus,0.05
D,balanced_improvement,CCR,B,0.4407415219688681,quality_score,plus,0.05
D,balanced_improvement,CCR,H,0.1630480553637353,quality_score,plus,0.05
D,balanced_improvement,CCR,I,0.15743465599041973,quality_score,plus,0.05
D,cost_led_development,CCR,A,0.000041782445623816806,quality_score,plus,0.05
D,cost_led_development,CCR,B,0.5994189842246659,quality_score,plus,0.05
D,cost_led_development,CCR,H,0.0695132044291074,quality_score,plus,0.05
D,cost_led_development,CCR,I,0.11854739257730217,quality_score,plus,0.05
D,delivery_reliability_led,CCR,A,0.00006232578343356086,quality_score,plus,0.05
D,delivery_reliability_led,CCR,B,0.22165006467645273,quality_score,plus,0.05
D,delivery_reliability_led,CCR,H,0.25012380703004833,quality_score,plus,0.05
D,delivery_reliability_led,CCR,I,0.26884560193478596,quality_score,plus,0.05
D,product_quality_led,CCR,A,0.000022759601664347664,quality_score,plus,0.05
D,product_quality_led,CCR,B,0.4445672012060586,quality_score,plus,0.05
D,product_quality_led,CCR,H,0.2161449938273608,quality_score,plus,0.05
D,product_quality_led,CCR,I,0.19103804562678944,quality_score,plus,0.05
E,balanced_improvement,CCR,B,0.08947692042067176,quality_score,plus,0.05
E,balanced_improvement,CCR,H,0.4573344416826752,quality_score,plus,0.05
E,cost_led_development,CCR,B,0.25079724848031626,quality_score,plus,0.05
E,cost_led_development,CCR,H,0.3280721091966574,quality_score,plus,0.05
E,delivery_reliability_led,CCR,H,0.5052028720412687,quality_score,plus,0.05
E,product_quality_led,CCR,H,0.6145036779880269,quality_score,plus,0.05
C,balanced_improvement,CCR,A,0.16518360140630406,quality_score,plus,0.05
C,balanced_improvement,CCR,B,0.509481916862843,quality_score,plus,0.05
C,balanced_improvement,CCR,H,0.13105014971664883,quality_score,plus,0.05
C,cost_led_development,CCR,A,0.21850980772075082,quality_score,plus,0.05
C,cost_led_development,CCR,B,0.6389969079761614,quality_score,plus,0.05
C,cost_led_development,CCR,H,0.00004938625897017012,quality_score,plus,0.05
C,cost_led_development,CCR,I,0.047202722147517494,quality_score,plus,0.05
C,delivery_reliability_led,CCR,A,0.15550236096219552,quality_score,plus,0.05
C,delivery_reliability_led,CCR,B,0.2286002106186157,quality_score,plus,0.05
C,delivery_reliability_led,CCR,H,0.2535177219909972,quality_score,plus,0.05
C,delivery_reliability_led,CCR,I,0.07975657021735456,quality_score,plus,0.05
C,product_quality_led,CCR,A,0.05537560226701187,quality_score,plus,0.05
C,product_quality_led,CCR,B,0.6684458388985545,quality_score,plus,0.05
C,product_quality_led,CCR,H,0.2143597421467227,quality_score,plus,0.05
K,balanced_improvement,CCR,A,0.02172110430230186,quality_score,plus,0.05
K,balanced_improvement,CCR,B,0.3545837211356522,quality_score,plus,0.05
K,balanced_improvement,CCR,H,0.035908604438515984,quality_score,plus,0.05
K,balanced_improvement,CCR,I,0.21531661952821435,quality_score,plus,0.05
K,cost_led_development,CCR,A,0.1037059144772578,quality_score,plus,0.05
K,cost_led_development,CCR,B,0.4550389143661974,quality_score,plus,0.05
K,cost_led_development,CCR,H,0.00003232632956429267,quality_score,plus,0.05
K,cost_led_development,CCR,I,0.018100966847718995,quality_score,plus,0.05
K,delivery_reliability_led,CCR,A,0.03366996102247662,quality_score,plus,0.05
K,delivery_reliability_led,CCR,B,0.16779380809115857,quality_score,plus,0.05
K,delivery_reliability_led,CCR,H,0.13219676271264194,quality_score,plus,0.05
K,delivery_reliability_led,CCR,I,0.18512054335194467,quality_score,plus,0.05
K,product_quality_led,CCR,A,0.13106104711250177,quality_score,plus,0.05
K,product_quality_led,CCR,B,0.33389828013272926,quality_score,plus,0.05
K,product_quality_led,CCR,H,0.10436109160699608,quality_score,plus,0.05
K,product_quality_led,CCR,I,0.1009450759160269,quality_score,plus,0.05
J,balanced_improvement,CCR,A,0.032347362177363545,quality_score,plus,0.05
J,balanced_improvement,CCR,B,0.6173332394581187,quality_score,plus,0.05
J,balanced_improvement,CCR,H,0.022801614572330212,quality_score,plus,0.05
J,balanced_improvement,CCR,I,0.09657471722849316,quality_score,plus,0.05
J,cost_led_development,CCR,A,0.22264396717441062,quality_score,plus,0.05
J,cost_led_development,CCR,B,0.5106762645801783,quality_score,plus,0.05
J,delivery_reliability_led,CCR,A,0.0554786620117867,quality_score,plus,0.05
J,delivery_reliability_led,CCR,B,0.3038452734952784,quality_score,plus,0.05
J,delivery_reliability_led,CCR,H,0.12644978133468704,quality_score,plus,0.05
J,delivery_reliability_led,CCR,I,0.16579205594017654,quality_score,plus,0.05
J,product_quality_led,CCR,A,0.05631860536231191,quality_score,plus,0.05
J,product_quality_led,CCR,B,0.7582652248338727,quality_score,plus,0.05
J,product_quality_led,CCR,H,0.0652217931477893,quality_score,plus,0.05
F,balanced_improvement,CCR,A,0.131160041159341,quality_score,plus,0.05
F,balanced_improvement,CCR,B,0.37080141525248095,quality_score,plus,0.05
F,balanced_improvement,CCR,H,0.26551207372746993,quality_score,plus,0.05
F,balanced_improvement,CCR,I,0.016707103847890804,quality_score,plus,0.05
F,cost_led_development,CCR,A,0.12792562086436393,quality_score,plus,0.05
F,cost_led_development,CCR,B,0.5604756306602477,quality_score,plus,0.05
F,cost_led_development,CCR,H,0.049556637854576036,quality_score,plus,0.05
F,cost_led_development,CCR,I,0.24231804227934822,quality_score,plus,0.05
F,delivery_reliability_led,CCR,A,0.07429003245754001,quality_score,plus,0.05
F,delivery_reliability_led,CCR,B,0.14072416907965785,quality_score,plus,0.05
F,delivery_reliability_led,CCR,H,0.4202666989425929,quality_score,plus,0.05
F,delivery_reliability_led,CCR,I,0.02617505948532822,quality_score,plus,0.05
F,product_quality_led,CCR,A,0.060492896358081145,quality_score,plus,0.05
F,product_quality_led,CCR,B,0.4385992550072144,quality_score,plus,0.05
F,product_quality_led,CCR,H,0.4445797238568201,quality_score,plus,0.05
L,balanced_improvement,CCR,A,0.12481340951964115,quality_score,plus,0.05
L,balanced_improvement,CCR,B,0.7505740303814332,quality_score,plus,0.05
L,balanced_improvement,CCR,H,0.018256400779978525,quality_score,plus,0.05
L,balanced_improvement,CCR,I,0.1248248610491318,quality_score,plus,0.05
L,cost_led_development,CCR,A,0.4742664955474407,quality_score,plus,0.05
L,cost_led_development,CCR,B,0.4820877714677141,quality_score,plus,0.05
L,delivery_reliability_led,CCR,A,0.11901006153332769,quality_score,plus,0.05
L,delivery_reliability_led,CCR,B,0.36414293737890774,quality_score,plus,0.05
L,delivery_reliability_led,CCR,H,0.15657544178359156,quality_score,plus,0.05
L,delivery_reliability_led,CCR,I,0.21194384925890836,quality_score,plus,0.05
L,product_quality_led,CCR,A,0.18199174068443535,quality_score,plus,0.05
L,product_quality_led,CCR,B,0.9290192831846176,quality_score,plus,0.05
L,product_quality_led,CCR,H,0.07026339209745242,quality_score,plus,0.05
